Temperature,Create_Work,Delete_Work,Landauer_Limit
0.5,-0.9065117239952087,1.5982919931411743,0.3465735912322998
1.0,-0.8638609051704407,1.5352236032485962,0.6931471824645996
1.5,-0.9004716277122498,1.5390318632125854,1.0397207736968994
2.0,-0.9377981424331665,1.5936716794967651,1.3862943649291992
2.5,-0.9960763454437256,1.651698350906372,1.732867956161499
